,Year,STATECOUNTY,ACS_N_TOTAL_POP,ACS_N_MALE,ACS_N_FEMALE,ACS_N_RACE_TOTAL_POP,ACS_N_RACE_WHITE,ACS_N_RACE_BLACK,ACS_N_RACE_AMERIND,ACS_N_RACE_ASIAN,ACS_N_RACE_HAWPACISL,ACS_N_RACE_OTHER,ACS_N_RACE_TWOORMORE,ACS_N_ETHN_HISPLAT_Y,ACS_N_ETHN_HISPLAT_N,ACS_N_POVERTY_STAT,ACS_N_POVERTY_STAT_BELOW_100_PCT,ACS_N_POVERTY_STAT_100_TO_149_PCT,ACS_N_POVERTY_STAT_ABOVE_150_PCT,ACS_N_INSURED_NON_INST,ACS_N_INSURED_NON_INST_UNDER_19,ACS_N_INSURED_NON_INST_19_TO_64,ACS_N_INSURED_NON_INST_OVER_65,ACS_N_DISABIL_Y,ACS_N_DISABIL_N,STATE,COUNTY,ACS_MED_AGE,ACS_MED_AGE_M,ACS_MED_AGE_F,ACS_MED_INCOME_PAST_12MO,ACS_MED_INCOME
0,2018,17_1,66427,32481,33946,64717,61099,2653,278,536,42,109,910,969,60341,64100,7768,5412,50920,62125,15092,34999,12034,8693,53432,17,1,40.63333333333334,39.150000000000006,42.34444444444445,28665.0,28665.0
1,2018,17_101,16189,8919,7270,15639,13945,1445,39,43,0,167,376,616,13564,13624,2225,1246,10153,12744,3089,7121,2534,2664,10080,17,101,41.4,40.080000000000005,43.260000000000005,26428.2,26428.2
2,2018,17_103,34527,18326,16201,33421,30881,1754,92,210,62,422,722,2042,29513,30891,3376,2332,25183,30085,7074,17126,5885,4522,25563,17,103,43.54444444444445,43.400000000000006,44.62222222222223,29868.333333333332,29868.333333333332
3,2018,17_105,36324,18614,17710,35335,33373,1454,3,278,0,227,602,1600,32082,33515,4578,2770,26167,32381,7865,18318,6198,5126,27255,17,105,40.959999999999994,39.72,42.88,29200.4,29200.4
4,2018,17_107,29207,14183,15024,27931,25520,1849,44,218,1,299,968,989,24986,24816,2127,2369,20320,24585,5947,13884,4754,3838,20747,17,107,41.3875,39.3,43.775,29909.5,29909.5
5,2018,17_109,30875,15009,15866,29956,27656,1437,57,682,19,105,664,835,27002,26993,5910,2073,19010,28948,6155,18025,4768,3925,25023,17,109,37.309999999999995,35.370000000000005,38.86,22995.1,22995.1
6,2018,17_11,33381,16437,16944,32610,30965,311,48,289,3,994,398,2861,29147,32505,4021,2624,25860,31390,7389,17310,6691,4368,27022,17,11,44.08,42.449999999999996,45.2,28372.4,28372.4
7,2018,17_111,307789,153382,154407,299324,281709,4448,298,8289,69,4511,5579,38616,248922,302631,21190,13349,268092,290026,76747,172810,40469,27951,262075,17,111,40.26538461538461,39.19615384615384,41.228846153846156,37853.11538461538,37853.11538461538
8,2018,17_113,173219,84245,88974,167378,142328,14274,296,8826,13,1641,3850,8266,136260,163647,23954,11085,128608,165558,40548,104583,20427,15822,149736,17,113,35.54146341463413,35.017073170731706,36.08292682926829,34152.756097560974,34152.756097560974
9,2018,17_115,106512,51062,55450,99419,82366,15080,244,1130,7,592,5928,2316,80799,101791,16084,8805,76902,99018,24389,55315,19314,15364,83654,17,115,40.52352941176471,38.95,42.46764705882352,26710.058823529413,26710.058823529413
10,2018,17_117,45719,22602,23117,44667,43848,421,82,213,3,100,579,534,43525,44203,5830,3979,34394,43224,10216,24707,8301,6657,36567,17,117,43.70769230769231,42.41538461538461,44.70000000000001,28723.30769230769,28723.30769230769
11,2018,17_119,265670,129718,135952,257047,230029,22222,536,2588,57,1615,5539,8310,224205,256592,34893,19067,202632,249528,59815,147380,42333,35477,214051,17,119,40.36885245901638,38.67049180327869,41.72131147540984,30311.803278688523,30311.803278688523
12,2018,17_121,38084,18726,19358,36785,34871,1299,84,264,0,267,833,748,34377,36577,6431,4082,26064,34944,8864,19226,6854,6542,28402,17,121,41.11666666666667,39.69166666666667,43.18333333333333,25857.25,25857.25
13,2018,17_123,11794,5874,5920,11478,11307,49,18,37,18,49,119,338,11035,11206,1219,956,9031,11095,2466,6181,2448,1516,9579,17,123,45.96,44.94,47.54,29082.8,29082.8
14,2018,17_125,13778,6838,6940,13499,13289,130,14,27,0,39,182,147,13211,13420,2068,1472,9880,12926,2903,7178,2845,2324,10602,17,125,46.050000000000004,45.03333333333333,46.81666666666666,26848.0,26848.0
15,2018,17_127,14430,6794,7636,13947,13017,901,7,22,0,0,373,404,12655,14059,2535,1307,10217,13554,3329,7373,2852,2900,10654,17,127,44.2,43.650000000000006,44.099999999999994,22040.0,22040.0
16,2018,17_129,12367,6043,6324,12036,11850,58,16,65,38,9,154,185,11665,11972,1137,702,10133,11911,2900,6744,2267,1680,10231,17,129,43.46666666666667,42.9,44.166666666666664,36735.0,36735.0
17,2018,17_13,4858,2435,2423,4777,4717,17,1,41,0,1,56,57,4686,4665,593,370,3702,4640,1114,2472,1054,897,3743,17,13,46.8,46.5,48.150000000000006,29028.0,29028.0
18,2018,17_131,15693,7798,7895,15384,15107,92,16,63,0,106,195,364,14885,15346,1735,1024,12587,15095,3557,8418,3120,1916,13179,17,131,44.975,44.325,44.8,29894.75,29894.75
19,2018,17_133,33936,16691,17245,33275,32835,76,17,291,0,56,273,514,32387,33284,1590,1310,30384,32693,7933,19314,5446,3083,29610,17,133,43.300000000000004,41.983333333333334,44.46666666666667,38588.666666666664,38588.666666666664
20,2018,17_135,29009,15145,13864,28416,26773,1456,45,32,13,97,283,504,26392,25398,3990,2275,19133,24740,5962,13391,5387,3511,21229,17,135,44.0125,41.725,46.287499999999994,27157.5,27157.5
21,2018,17_137,34426,17298,17128,33507,30780,2345,73,261,1,47,598,816,30175,30697,4429,3019,23249,30922,6825,18083,6014,5108,25814,17,137,42.01,41.11,43.74,26403.6,26403.6
22,2018,17_139,14703,7172,7531,14423,14248,78,40,32,0,25,118,197,14081,14254,1291,1431,11532,12257,3113,6766,2378,1604,10653,17,139,40.15,39.35,41.275,31952.25,31952.25
23,2018,17_141,51328,25614,25714,49929,47788,501,178,292,23,1147,766,5030,44197,49890,4898,4890,40102,48055,12019,27302,8734,5980,42075,17,141,42.0,41.00909090909091,43.80909090909091,30927.18181818182,30927.18181818182
24,2018,17_143,184463,89387,95076,175465,133099,31699,500,7292,12,2863,6406,8506,128067,176790,28343,16133,132314,171727,44766,98703,28258,20752,150975,17,143,36.885416666666664,35.662499999999994,38.6625,28052.6875,28052.6875
25,2018,17_145,21384,11767,9617,20839,18674,1918,22,130,0,95,291,600,18163,18484,2953,1591,13940,18054,4289,10055,3710,3440,14614,17,145,41.46666666666667,40.28333333333333,43.5,26845.5,26845.5
26,2018,17_147,16427,8080,8347,15966,15758,90,10,74,0,34,253,213,15629,16127,957,805,14365,15771,3826,8868,3077,2009,13762,17,147,42.849999999999994,41.8,43.775000000000006,35031.5,35031.5
27,2018,17_149,15754,7815,7939,15425,15060,243,43,43,0,36,139,194,14908,15035,2097,2155,10783,14516,3640,7871,3005,2339,12177,17,149,42.06,40.42,43.379999999999995,24658.0,24658.0
28,2018,17_15,14562,7229,7333,14208,13800,166,17,107,0,118,206,503,13455,14135,1570,936,11629,13498,2830,7247,3421,1963,11535,17,15,48.11666666666667,46.199999999999996,49.5,27402.0,27402.0
29,2018,17_151,4249,2349,1900,4184,3890,223,10,27,0,34,45,79,3845,4058,526,262,3270,3941,637,2085,1219,1022,2919,17,151,54.0,50.55,58.0,20727.0,20727.0
30,2018,17_153,5611,2747,2864,5360,3637,1678,7,16,0,22,176,124,3534,5484,1023,1047,3414,5413,1271,2951,1191,1287,4126,17,153,44.7,43.6,45.650000000000006,21585.0,21585.0
31,2018,17_155,5746,2959,2787,5580,5501,34,0,25,0,20,95,308,5229,5615,488,330,4797,5593,1158,3162,1273,675,4918,17,155,47.45,45.95,50.3,32527.0,32527.0
32,2018,17_157,32546,18019,14527,31713,27976,3311,47,128,0,251,509,996,27342,28074,3611,3230,21233,27105,6385,15322,5398,4317,22788,17,157,42.8,40.611111111111114,45.37777777777778,28459.666666666668,28459.666666666668
33,2018,17_159,15881,7809,8072,15627,15182,141,52,162,0,90,125,260,15028,15468,2335,1664,11469,14980,3748,8254,2978,2549,12431,17,159,41.56,40.980000000000004,42.11999999999999,26221.0,26221.0
34,2018,17_161,145275,71596,73679,138158,116317,14370,474,3624,58,3315,5251,18094,103628,138381,20254,11387,106740,134260,33458,75269,25533,18416,115844,17,161,40.027499999999996,38.325,41.595,28694.55,28694.55
35,2018,17_163,263463,127237,136226,253109,167066,78228,444,3726,62,3583,7007,10297,161228,256097,41310,22426,192361,240606,63603,139649,37354,32222,208384,17,163,38.741666666666674,36.615,40.433333333333316,29433.116666666665,29433.116666666665
36,2018,17_165,24231,11962,12269,23217,22227,637,40,170,47,96,692,429,21917,23321,5206,2916,15199,22566,5370,12714,4482,5175,17391,17,165,41.12222222222222,39.8,43.45555555555555,23396.88888888889,23396.88888888889
37,2018,17_167,197661,94876,102785,190673,160305,24924,230,3862,96,1256,4944,4412,157540,191498,28813,13840,148845,187305,46339,109090,31876,26364,160941,17,167,40.26226415094339,38.55094339622643,41.681132075471695,32813.264150943396,32813.264150943396
38,2018,17_169,7064,3701,3363,6862,6361,494,7,0,0,0,110,29,6332,6777,1457,389,4931,6012,1421,3186,1405,1030,4982,17,169,44.93333333333334,44.13333333333333,46.9,27503.0,27503.0
39,2018,17_17,12665,6353,6312,12414,11308,577,17,47,30,435,140,2353,9555,12383,1672,1494,9217,11628,3080,6553,1995,1629,9999,17,17,40.22,37.2,42.260000000000005,28748.4,28748.4
40,2018,17_171,5047,2460,2587,4937,4890,8,15,9,10,5,44,62,4833,4864,617,439,3808,4796,1198,2674,924,563,4233,17,171,44.099999999999994,43.099999999999994,44.3,27944.5,27944.5
41,2018,17_173,21832,10791,11041,21504,21242,203,19,25,0,15,108,226,21032,21397,2391,2387,16619,20714,4840,11345,4529,2659,18055,17,173,44.25,43.0,46.5,28404.166666666668,28404.166666666668
42,2018,17_175,5500,2716,2784,5379,5294,30,0,53,0,2,46,88,5208,5323,843,613,3867,5042,1198,2748,1096,661,4381,17,175,45.0,44.150000000000006,45.8,27995.5,27995.5
43,2018,17_177,45433,21986,23447,43821,38765,4439,52,366,0,199,1284,1600,37492,44253,6333,4733,33187,42245,9880,23248,9117,6329,35916,17,177,44.61538461538463,42.39230769230768,45.830769230769235,26737.30769230769,26737.30769230769
44,2018,17_179,133852,65987,67865,130670,126970,1718,211,1348,27,396,1726,2885,124707,129245,10960,9683,108602,126519,31331,72244,22944,15119,111400,17,179,41.17666666666666,40.07666666666667,42.20000000000001,33939.2,33939.2
45,2018,17_181,17127,8592,8535,16531,15909,237,19,58,0,308,363,848,15386,16689,3029,1755,11905,16004,3650,9080,3274,2987,13017,17,181,43.519999999999996,43.1,44.78000000000001,26807.6,26807.6
46,2018,17_183,78407,38967,39440,76240,63791,10786,189,743,24,707,1209,3873,60847,74268,14448,7072,52748,71169,19057,38293,13819,11281,59888,17,183,40.729166666666664,39.050000000000004,42.16666666666666,26583.916666666668,26583.916666666668
47,2018,17_185,11573,5666,5907,11309,11061,93,14,119,0,22,192,271,10846,11397,1342,1103,8952,10778,2572,5988,2218,1878,8900,17,185,42.875,41.15,44.875,25976.0,25976.0
48,2018,17_187,17338,8353,8985,16814,15118,453,40,453,0,750,372,1628,14306,16006,1939,1844,12223,16566,4080,9442,3044,2178,14388,17,187,41.06,39.739999999999995,43.32,28281.6,28281.6
49,2018,17_189,14155,7108,7047,13814,13544,117,18,34,8,93,195,190,13472,13779,1130,954,11695,13452,3090,7795,2567,1680,11772,17,189,43.625,42.675,44.775000000000006,33886.25,33886.25
50,2018,17_19,209448,104513,104935,201965,149898,27586,312,22170,133,1866,5224,12058,140401,191565,39749,14993,136823,197733,45385,128411,23937,17921,179812,17,19,33.76046511627907,33.030232558139524,34.39069767441861,28413.720930232557,28413.720930232557
51,2018,17_191,16487,8141,8346,16091,15743,262,33,43,0,10,164,76,15677,16154,2249,1654,12251,15192,3535,8269,3388,2934,12258,17,191,43.919999999999995,42.94,44.68,28141.8,28141.8
52,2018,17_193,14025,6882,7143,13814,13645,101,11,51,4,2,121,198,13453,13523,1741,1694,10088,12934,3088,7015,2831,2628,10306,17,193,44.44,43.12,45.42,26208.8,26208.8
53,2018,17_195,56396,27799,28597,54763,52242,976,76,312,44,1113,1134,6530,47473,54798,5755,4841,44202,52805,13099,28902,10804,7800,45005,17,195,43.227777777777774,41.89999999999999,44.355555555555554,28122.166666666668,28122.166666666668
54,2018,17_197,688697,341816,346881,661133,499878,76353,1892,36541,217,46252,19680,115767,437565,670714,46490,38122,586102,643207,182085,379956,81166,57707,585500,17,197,38.75231788079471,37.647019867549645,39.91125827814569,36715.85430463576,36715.85430463576
55,2018,17_199,67299,33607,33692,65091,60884,2805,164,743,7,488,1555,1729,59924,64301,9612,6079,48610,61574,15093,34755,11726,11088,50486,17,199,40.626666666666665,39.03333333333333,42.480000000000004,27456.866666666665,27456.866666666665
56,2018,17_201,286174,139748,146426,274284,223903,36272,809,7260,99,5941,8567,34816,197694,277718,42645,27086,207987,264500,68351,150536,45613,38101,226399,17,201,40.125,38.68815789473683,41.23815789473684,27098.184210526317,27098.184210526317
57,2018,17_203,38817,19343,19474,37804,37195,250,14,202,0,143,592,686,36732,37362,2702,1919,32741,36809,9914,20766,6129,3741,33068,17,203,40.32222222222222,39.74444444444445,40.900000000000006,34178.11111111111,34178.11111111111
58,2018,17_21,33231,16818,16413,32703,31923,423,62,220,68,7,346,533,31427,31282,4007,3163,24112,30005,6981,16921,6103,3800,26205,17,21,42.85,41.54,43.9,28485.5,28485.5
59,2018,17_23,15836,7824,8012,15433,15184,49,14,100,0,86,230,247,15121,15378,1952,1543,11883,14764,3741,8184,2839,2487,12277,17,23,42.3,41.62499999999999,42.025,29594.25,29594.25
60,2018,17_25,13338,6586,6752,12999,12876,61,20,38,0,4,190,194,12686,12967,2092,1147,9728,12133,2768,6870,2495,2517,9616,17,25,43.349999999999994,41.4,45.975,26447.25,26447.25
61,2018,17_27,37628,19551,18077,36691,34844,1311,104,220,0,212,532,1134,34084,35095,3167,2400,29528,33839,8087,19927,5825,4944,28895,17,27,41.175000000000004,39.575,42.7125,33059.625,33059.625
62,2018,17_29,51736,24999,26737,50324,47485,1891,107,627,97,117,828,1271,46546,47545,10226,5330,31989,47844,10127,29901,7816,7588,40256,17,29,38.75833333333334,37.425000000000004,39.849999999999994,25039.25,25039.25
63,2018,17_3,6532,3104,3428,6268,4006,2168,48,6,21,19,184,73,3991,6360,1914,662,3784,6030,1658,3099,1273,1296,4734,17,3,42.074999999999996,40.7,42.5,20831.0,20831.0
64,2018,17_31,5223719,2534640,2689079,5030571,2924046,1216343,14486,372129,1884,501683,129543,1294649,2194634,5075220,764954,467145,3843121,4684990,1182932,2809575,692483,499596,4185394,17,31,37.225323193916374,35.840684410646396,38.43437262357413,34147.84790874525,34147.84790874525
65,2018,17_33,19088,9910,9178,18485,17145,1100,14,137,13,76,397,668,16625,16773,1945,1438,13390,15939,3698,8902,3339,2591,13348,17,33,42.666666666666664,41.31666666666666,44.349999999999994,26978.666666666668,26978.666666666668
66,2018,17_35,10865,5455,5410,10574,10451,9,22,30,14,48,160,114,10379,10588,1461,941,8186,10228,2606,5700,1922,1770,8458,17,35,42.699999999999996,42.13333333333333,43.23333333333333,28365.0,28365.0
67,2018,17_37,104200,51580,52620,100754,87132,7824,62,2523,0,3213,2469,11360,79793,98215,16107,7686,74422,97465,24622,60936,11907,10214,87251,17,37,34.661904761904765,34.1,35.671428571428564,28750.761904761905,28750.761904761905
68,2018,17_39,16042,8015,8027,15592,15317,76,13,4,10,172,301,406,15086,15623,1723,1281,12619,15005,3617,8612,2776,1879,13126,17,39,43.56,41.760000000000005,44.94,29658.2,29658.2
69,2018,17_41,19714,9748,9966,19194,18714,78,110,144,18,130,194,1375,17573,19089,2085,2287,14717,16724,4292,9275,3157,2075,14649,17,41,39.36,37.480000000000004,40.4,29940.8,29940.8
70,2018,17_43,931743,457178,474565,897773,714707,43785,1985,107481,426,29389,24047,130065,621408,908827,61448,46131,801248,871642,220456,522353,128833,72461,799181,17,43,39.90231481481481,38.52175925925926,41.3513888888889,42571.03703703704,42571.03703703704
71,2018,17_45,17539,8617,8922,17148,16881,61,12,181,0,13,140,201,16759,16966,2039,1262,13665,16298,3588,9233,3477,2687,13611,17,45,45.64,43.660000000000004,47.339999999999996,27381.0,27381.0
72,2018,17_47,6507,3231,3276,6336,6233,45,34,24,0,0,84,90,6205,6327,644,452,5231,6116,1522,3287,1307,1071,5045,17,47,43.300000000000004,41.53333333333333,44.53333333333333,27276.666666666668,27276.666666666668
73,2018,17_49,34174,16971,17203,33501,32887,173,24,210,15,192,307,661,32444,33189,3857,2696,26636,31937,8198,18321,5418,4180,27757,17,49,39.0625,37.3,40.7125,28595.0,28595.0
74,2018,17_5,16712,8587,8125,16487,15082,1043,68,196,0,98,118,578,14598,14858,2150,1391,11317,14524,3255,8517,2752,2310,12214,17,5,44.550000000000004,44.65,45.05,28941.75,28941.75
75,2018,17_51,21724,11580,10144,21312,20070,1043,49,107,0,43,128,408,19724,19612,3469,2360,13783,18407,4558,10019,3830,3390,15017,17,51,41.98571428571428,40.785714285714285,43.65714285714286,23285.0,23285.0
76,2018,17_53,13398,6616,6782,13169,12662,147,59,64,5,232,104,427,12448,12867,2023,1103,9741,12185,3080,6945,2160,2024,10161,17,53,43.120000000000005,41.46,45.879999999999995,30124.2,30124.2
77,2018,17_55,39127,19285,19842,38410,37616,314,116,223,25,116,373,643,37219,38043,7457,4650,25936,36128,8889,19772,7467,7594,28534,17,55,42.68333333333333,40.25833333333333,44.508333333333326,23687.0,23687.0
78,2018,17_57,35418,18496,16922,34797,33172,1317,116,49,23,120,402,1043,32330,32591,5353,3338,23900,30898,7314,17076,6508,4710,26188,17,57,44.13333333333333,42.1,46.20000000000001,27212.666666666668,27212.666666666668
79,2018,17_59,5157,2472,2685,5020,4946,12,27,22,0,13,92,75,4893,5092,974,648,3470,4973,1102,2663,1208,1146,3827,17,59,45.8,43.95,47.05,27095.5,27095.5
80,2018,17_61,13218,6668,6550,12905,12643,194,40,25,0,3,138,86,12572,12636,1813,1090,9733,12105,2822,6854,2429,2094,10011,17,61,42.56,41.94,43.019999999999996,24390.6,24390.6
81,2018,17_63,50509,25241,25268,49137,46742,735,35,411,17,1197,798,4816,43189,49369,4350,2139,42880,48112,13187,28457,6468,4584,43528,17,63,39.17999999999999,37.71,40.660000000000004,36721.3,36721.3
82,2018,17_65,8221,4018,4203,8129,7951,31,23,49,0,75,0,175,7851,8039,771,757,6511,7642,1779,4179,1684,1578,6064,17,65,43.93333333333334,42.0,45.4,30885.333333333332,30885.333333333332
83,2018,17_67,18112,9008,9104,17739,17500,148,3,69,0,19,228,244,17314,17749,2077,1823,13849,17395,3942,9524,3929,2388,15007,17,67,46.142857142857146,44.65714285714285,47.97142857142857,28372.0,28372.0
84,2018,17_69,4009,1976,2033,3931,3793,112,11,1,0,14,45,65,3764,3882,636,443,2803,3584,751,1983,850,896,2688,17,69,44.95,45.45,43.75,22111.0,22111.0
85,2018,17_7,53606,26830,26776,51775,46326,1187,179,631,0,3452,1278,11349,38938,52553,5716,4010,42827,49863,14198,28036,7629,5820,44043,17,7,38.6,37.3,39.57142857142857,29782.714285714286,29782.714285714286
86,2018,17_71,6884,3369,3515,6750,6681,5,16,48,0,0,77,117,6571,6764,549,583,5632,6369,1276,3430,1663,1095,5274,17,71,49.5,48.333333333333336,50.73333333333333,27261.0,27261.0
87,2018,17_73,49464,24536,24928,48161,46041,838,102,274,0,906,796,2755,44359,48116,5698,3495,38923,46576,11455,25685,9436,6079,40497,17,73,43.400000000000006,41.76923076923076,44.34615384615385,29794.923076923078,29794.923076923078
88,2018,17_75,28169,13751,14418,27489,25896,290,16,91,0,1196,416,1868,25158,27339,3782,2929,20628,26068,6194,14307,5567,4213,21855,17,75,44.41111111111112,43.23333333333333,46.22222222222222,26793.555555555555,26793.555555555555
89,2018,17_77,58551,28989,29562,55837,44445,8551,111,2003,8,719,2050,2510,43008,53625,14595,5680,33350,53700,11817,33721,8162,7710,45990,17,77,35.892857142857146,35.20714285714286,36.57142857142857,22769.928571428572,22769.928571428572
90,2018,17_79,9598,4809,4789,9372,9225,92,16,4,0,35,99,24,9204,9254,1217,664,7373,8841,2236,4859,1746,1895,6946,17,79,43.53333333333333,42.6,43.800000000000004,26221.666666666668,26221.666666666668
91,2018,17_81,38169,19567,18602,36731,33012,3142,44,440,0,93,900,963,32270,35012,6386,2985,25641,33641,8497,18583,6561,6631,27010,17,81,40.60909090909091,39.154545454545456,42.28181818181818,25131.545454545456,25131.545454545456
92,2018,17_83,22069,10841,11228,21428,21222,105,23,47,0,31,513,302,21034,20981,1922,1581,17478,20547,4864,11858,3825,2864,17683,17,83,43.56666666666666,42.36666666666667,44.883333333333326,30217.5,30217.5
93,2018,17_85,21834,10956,10878,21425,21089,110,57,95,12,62,267,641,20573,21479,1781,1843,17855,20658,4383,10635,5640,3020,17638,17,85,50.5,50.38333333333333,50.949999999999996,30787.666666666668,30787.666666666668
94,2018,17_87,12602,7015,5587,12407,10850,1486,13,44,0,14,32,403,10484,10152,1192,1043,7917,9970,2444,5030,2496,1625,8345,17,87,44.175,43.85,46.96666666666667,21964.0,21964.0
95,2018,17_89,530839,264211,266628,510659,381621,28620,2414,21025,180,76799,13527,165615,301556,517985,51398,36401,430186,481085,141510,275064,64511,41804,439281,17,89,37.39512195121953,36.62073170731707,38.345121951219525,34462.743902439026,34462.743902439026
96,2018,17_9,6675,4238,2437,6512,5071,1364,6,37,0,34,66,286,4836,4707,465,418,3824,4521,1028,2649,844,614,3907,17,9,41.3,41.35,42.0,28465.0,28465.0
97,2018,17_91,111061,54615,56446,107763,87624,16523,215,1043,22,2336,2080,11146,79356,105301,15607,8858,80836,102509,26942,59042,16525,14540,87969,17,91,38.17586206896552,36.7551724137931,39.813793103448276,27139.689655172413,27139.689655172413
98,2018,17_93,124626,61761,62865,119655,101216,8757,160,4143,0,5379,3352,22183,86516,122390,6489,4436,111465,118797,37396,69703,11698,9364,109433,17,93,35.93,34.19,37.58,37182.3,37182.3
99,2018,17_95,50999,25743,25256,49577,43428,4512,162,494,0,981,930,2852,41938,46358,8417,5306,32635,45551,10378,25464,9709,7485,38066,17,95,41.34374999999999,40.043749999999996,44.18125000000001,25542.875,25542.875
100,2018,17_97,703619,351343,352276,677324,538134,46821,1746,52532,367,37724,18432,147626,434177,678276,55492,44895,577889,639566,179273,370826,89467,58023,581543,17,97,39.4986842105263,38.50328947368422,40.37880794701985,42073.35526315789,42073.35526315789
101,2018,17_99,110401,55400,55001,107630,101966,2787,208,836,21,1812,1648,10342,93873,105872,14232,8532,83108,101963,24640,58557,18766,13883,88080,17,99,41.93928571428571,40.97499999999999,43.121428571428574,28055.39285714286,28055.39285714286
102,2018,29_1,25325,12215,13110,24581,22917,870,52,608,63,71,535,311,22697,22380,5922,2089,14369,22903,5048,14416,3439,2859,20044,29,1,31.91428571428571,31.428571428571427,31.77142857142857,19158.0,19158.0
103,2018,29_101,53689,27715,25974,51124,47164,2289,281,936,168,286,1769,2244,45485,48178,7372,4253,36553,45418,11882,27641,5895,5441,39977,29,101,32.77777777777778,32.166666666666664,34.400000000000006,24593.555555555555,24593.555555555555
104,2018,29_103,3951,1989,1962,3841,3764,21,0,18,18,20,62,40,3758,3821,724,306,2791,3221,816,1624,781,737,2484,29,103,44.2,41.95,45.75,21040.5,21040.5
105,2018,29_105,35507,17578,17929,33936,33247,196,273,117,6,97,991,801,32650,34429,5046,5098,24285,30970,8587,16433,5950,5594,25376,29,105,40.4,38.61666666666667,41.666666666666664,23539.666666666668,23539.666666666668
106,2018,29_107,32589,16106,16483,31439,30299,634,43,185,75,203,781,895,29677,31570,4069,3002,24499,29431,7540,16267,5624,4443,24988,29,107,42.357142857142854,41.214285714285715,43.885714285714286,29112.0,29112.0
107,2018,29_109,38133,18995,19138,36801,35897,240,194,82,0,388,791,2680,33672,36859,6077,4982,25800,32458,9041,17131,6286,6374,26084,29,109,40.357142857142854,39.91428571428571,40.5,24517.428571428572,24517.428571428572
108,2018,29_11,11850,5865,5985,11329,11033,35,222,0,6,33,384,294,10850,11567,2483,1236,7848,10589,2892,5431,2266,1916,8673,29,11,42.56666666666666,40.46666666666666,44.833333333333336,24841.666666666668,24841.666666666668
109,2018,29_111,10027,5100,4927,9776,9360,326,77,2,11,0,141,177,9194,9166,1407,929,6830,8843,2154,5019,1670,1267,7576,29,111,40.95,38.85,42.699999999999996,24921.25,24921.25
110,2018,29_113,55563,27526,28037,53902,52052,1037,153,214,15,431,1030,1330,51162,54059,6861,5180,42018,50380,14153,29389,6838,7436,42944,29,113,38.07142857142857,37.57142857142857,39.0,29214.85714285714,29214.85714285714
111,2018,29_115,12186,5861,6325,11844,11675,70,19,36,5,39,234,270,11467,11944,1789,1197,8958,10683,2638,5619,2426,1652,9031,29,115,42.76,41.8,43.7,26506.0,26506.0
112,2018,29_117,15076,6813,8263,14554,13903,409,81,80,22,59,257,263,13731,13544,2183,1372,9989,12217,3182,6272,2763,1875,10342,29,117,40.22,40.400000000000006,40.58,26046.6,26046.6
113,2018,29_119,22827,11635,11192,21869,19655,414,698,328,421,353,597,2552,17559,22211,4229,3618,14364,18312,5439,9613,3260,3249,15063,29,119,38.2,36.675,40.2,23928.25,23928.25
114,2018,29_121,15254,7683,7571,14765,14285,284,79,80,3,34,330,210,14188,14829,2193,1660,10976,13285,3337,6857,3091,2431,10854,29,121,41.9,39.98,43.660000000000004,23196.4,23196.4
115,2018,29_123,12205,6049,6156,11930,11743,123,34,30,0,0,158,291,11452,11802,1853,1462,8487,10886,2692,5992,2202,2702,8184,29,123,42.96666666666667,42.1,43.96666666666667,22567.666666666668,22567.666666666668
116,2018,29_125,8884,4449,4435,8793,8677,21,73,22,0,0,36,233,8444,8753,1412,811,6530,7677,1858,4028,1791,1560,6117,29,125,45.26666666666667,43.699999999999996,46.699999999999996,25118.666666666668,25118.666666666668
117,2018,29_127,28672,13745,14927,27542,26004,1123,91,201,54,69,777,495,25575,26827,4911,2884,19032,25263,7101,13582,4580,3603,21660,29,127,39.125,38.324999999999996,39.9875,24466.25,24466.25
118,2018,29_129,3664,1834,1830,3579,3527,14,0,19,4,15,57,68,3476,3575,389,360,2826,2986,791,1483,712,485,2501,29,129,44.5,43.25,45.349999999999994,25048.5,25048.5
119,2018,29_13,16374,8014,8360,15997,15499,238,100,37,8,115,239,352,15311,15844,1936,2127,11781,14525,3774,7792,2959,2484,12041,29,13,42.65,42.525,42.2,25209.5,25209.5
120,2018,29_131,25049,12314,12735,24429,23818,111,231,108,0,161,321,445,23528,24302,4328,2816,17158,22072,6027,11744,4301,3623,18449,29,131,41.4,41.580000000000005,41.580000000000005,24036.8,24036.8
121,2018,29_133,13748,7575,6173,13336,9911,3275,131,7,6,6,211,282,9690,11779,2892,2138,6749,10393,3034,5183,2176,2288,8105,29,133,39.25,36.7,44.324999999999996,17899.75,17899.75
122,2018,29_135,15958,8413,7545,15531,14657,601,89,28,0,156,199,700,14168,14359,1927,995,11437,12350,3597,6449,2304,1704,10646,29,135,37.4,36.35,39.075,27945.75,27945.75
123,2018,29_137,8654,4402,4252,8465,8094,300,18,38,15,0,82,142,7956,8421,1157,1097,6167,7630,1860,3958,1812,1446,6184,29,137,45.86666666666667,45.26666666666666,46.6,26317.333333333332,26317.333333333332
124,2018,29_139,11545,5764,5781,11202,10866,178,12,29,10,107,185,208,10782,11002,1834,1462,7706,10120,2673,5372,2075,1798,8322,29,139,44.900000000000006,43.02499999999999,45.724999999999994,26013.5,26013.5
125,2018,29_141,20137,9945,10192,19680,19093,161,100,183,0,143,264,446,18795,19540,4418,2406,12716,15253,3581,7315,4357,3159,12094,29,141,45.98,46.06,45.559999999999995,21377.4,21377.4
126,2018,29_143,17811,8558,9253,17232,14367,2764,68,5,0,28,371,309,14118,17149,3903,2581,10665,14625,4142,7451,3032,3605,11020,29,143,41.916666666666664,41.06666666666667,43.88333333333333,20392.666666666668,20392.666666666668
127,2018,29_145,58202,28964,29238,55667,52227,532,1308,800,553,247,1789,3008,49659,56456,7626,6140,42690,50089,13326,26975,9788,7792,42297,29,145,39.38333333333334,37.88333333333333,40.86666666666667,25622.666666666668,25622.666666666668
128,2018,29_147,22547,11225,11322,22112,20982,637,47,310,29,107,261,354,20775,19288,4519,1795,12974,19955,4316,12612,3027,2477,17478,29,147,35.0,34.4,36.6,22331.0,22331.0
129,2018,29_149,10699,5376,5323,10362,10078,16,156,44,27,41,195,180,9939,10291,2429,1467,6395,8745,2163,4172,2410,2384,6361,29,149,46.46666666666667,45.20000000000001,46.53333333333334,20655.333333333332,20655.333333333332
130,2018,29_15,18989,9354,9635,18466,18141,54,206,13,10,42,405,376,17928,18605,3527,2146,12932,16515,3157,7912,5446,4475,12040,29,15,52.083333333333336,51.48333333333334,52.93333333333334,21011.833333333332,21011.833333333332
131,2018,29_151,13619,7076,6543,13306,13116,39,91,9,0,51,96,108,13035,13126,943,1177,11006,12772,3256,7362,2154,1646,11126,29,151,41.2,39.65,41.7,30682.5,30682.5
132,2018,29_153,9236,4592,4644,8924,8803,3,41,32,0,45,231,161,8739,9004,2352,1363,5289,7890,1749,3710,2431,1781,6109,29,153,51.3,50.75,51.45,19028.0,19028.0
133,2018,29_155,17031,8022,9009,16409,11773,4521,14,0,2,99,307,415,11549,16443,4499,2329,9615,14548,4426,7474,2648,4025,10523,29,155,38.1,36.333333333333336,40.01666666666667,18994.833333333332,18994.833333333332
134,2018,29_157,19146,9457,9689,18712,18406,52,79,133,0,42,213,399,18087,18570,1501,2589,14480,17727,4706,9896,3125,2756,14971,29,157,41.0,40.980000000000004,41.5,28245.6,28245.6
135,2018,29_159,42371,20918,21453,40653,38223,1305,59,193,0,873,1233,3612,35672,40959,7053,4929,28977,36123,10203,19401,6519,6480,29643,29,159,37.53636363636363,35.81818181818182,39.16363636363636,22915.81818181818,22915.81818181818
136,2018,29_161,44789,23541,21248,43139,39955,1090,375,1602,0,117,826,1055,39209,40844,8981,3750,28113,40129,9833,23718,6578,6579,33550,29,161,37.410000000000004,36.7,39.650000000000006,23830.6,23830.6
137,2018,29_163,18489,10217,8272,17888,16219,1405,66,59,12,127,335,415,16056,15863,2183,1825,11855,14482,4004,7600,2878,2017,12465,29,163,40.53999999999999,37.980000000000004,43.02,22299.2,22299.2
138,2018,29_165,98824,48720,50104,94515,83876,6610,410,2655,77,887,3404,5750,79804,96839,6674,4750,85415,91868,23401,55091,13376,10771,81097,29,165,38.8,37.55263157894736,39.647368421052626,40026.63157894737,40026.63157894737
139,2018,29_167,31549,15435,16114,30727,29889,299,336,158,16,29,594,757,29366,29915,4359,4482,21074,27264,7012,14943,5309,4607,22657,29,167,38.025,36.8,39.55,22781.25,22781.25
140,2018,29_169,52591,30025,22566,49342,38734,6441,535,1430,160,2042,2623,5725,36115,42585,6119,3916,32550,35568,11324,20038,4206,7444,28124,29,169,30.188888888888886,29.14444444444444,31.422222222222224,23896.11111111111,23896.11111111111
141,2018,29_17,12281,6140,6141,12061,11852,68,100,41,0,0,102,136,11716,12074,2026,1660,8388,10874,2820,5772,2282,2679,8195,29,17,43.833333333333336,43.03333333333333,44.6,22351.0,22351.0
142,2018,29_171,4815,2389,2426,4618,4566,13,9,30,0,0,123,7,4559,4664,841,617,3206,3982,879,2030,1073,894,3088,29,171,46.150000000000006,44.1,48.0,23887.0,23887.0
143,2018,29_173,10217,5178,5039,9908,9660,137,46,52,2,11,81,126,9548,9858,1240,860,7758,9207,2220,4928,2059,1416,7791,29,173,44.6,43.666666666666664,45.666666666666664,27915.0,27915.0
144,2018,29_175,24945,13102,11843,24121,22286,1471,132,120,15,97,568,505,21942,22440,3424,2744,16272,20620,5499,11414,3707,3587,17033,29,175,38.48333333333333,37.583333333333336,41.21666666666667,25428.5,25428.5
145,2018,29_177,22825,11357,11468,22154,21565,385,114,38,1,51,339,532,21112,22220,3194,1286,17740,20159,5080,11312,3767,3068,17091,29,177,42.05,41.025,43.35,29725.25,29725.25
146,2018,29_179,6315,3238,3077,6206,5990,121,26,9,16,44,96,121,5924,6120,1110,705,4305,5394,1300,2755,1339,1496,3898,29,179,46.2,45.45,46.599999999999994,22476.0,22476.0
147,2018,29_181,13693,6817,6876,13279,13067,52,64,33,33,30,297,184,12897,13411,3553,1951,7907,11691,3163,5862,2666,3847,7844,29,181,42.574999999999996,41.175,43.875,18307.75,18307.75
148,2018,29_183,389985,191641,198344,376337,347112,16926,657,9545,48,2049,9295,12293,337564,377361,20920,14978,341463,368819,94464,220223,54132,36784,332035,29,183,39.458227848101274,37.97948717948719,41.053846153846166,38009.756410256414,38009.756410256414
149,2018,29_185,9383,4663,4720,9085,8922,70,69,19,0,5,242,119,8808,8998,1577,1129,6292,7989,1735,3823,2431,1956,6033,29,185,50.56666666666666,49.56666666666666,51.23333333333333,20314.666666666668,20314.666666666668
150,2018,29_186,17871,8979,8892,17610,17172,316,0,102,0,20,156,203,16987,17466,2546,1563,13357,16658,4080,9407,3171,2681,13977,29,186,43.849999999999994,43.574999999999996,44.225,28099.25,28099.25
151,2018,29_187,66342,35900,30442,64799,61142,2955,204,342,0,156,1010,1001,60483,58846,9463,6315,43068,53330,13757,29782,9791,11823,41507,29,187,40.99090909090909,39.41818181818182,42.2090909090909,23550.0,23550.0
152,2018,29_189,998684,473610,525074,964954,676524,237047,1811,41297,290,7985,22792,27721,657497,967283,92947,62116,812220,920745,225969,530864,163912,111556,809189,29,189,40.45527638190955,38.367839195979904,42.13517587939699,36951.81909547739,36951.81909547739
153,2018,29_19,176515,85827,90688,167429,141719,15245,579,7865,217,1804,7024,5835,138100,165386,30161,12556,122669,162935,38794,104689,19452,18148,144787,29,19,33.727586206896554,33.268965517241384,33.789655172413795,27578.44827586207,27578.44827586207
154,2018,29_195,23102,11559,11543,21978,19551,1088,87,204,247,801,820,2192,18435,21476,3496,2756,15224,20675,5465,11368,3842,3684,16991,29,195,39.5,38.087500000000006,40.275,24267.0,24267.0
155,2018,29_197,4502,2219,2283,4333,4310,23,0,0,0,0,78,28,4300,4318,660,591,3067,3687,1141,1762,784,691,2996,29,197,40.25,39.099999999999994,41.35,20680.5,20680.5
156,2018,29_199,4898,2399,2499,4717,4638,79,0,0,0,0,47,0,4638,4644,708,812,3124,3106,706,1616,784,617,2489,29,199,37.05,36.25,39.0,24399.5,24399.5
157,2018,29_201,38729,18712,20017,37550,32618,4390,151,160,0,231,698,866,31902,37423,7664,4056,25703,33603,9283,17846,6474,6837,26766,29,201,39.74,37.959999999999994,41.190000000000005,22677.2,22677.2
158,2018,29_203,8246,4012,4234,7878,7803,12,38,0,0,25,282,150,7682,8028,2274,1061,4693,6790,1840,3293,1657,1774,5016,29,203,45.5,43.45,47.0,19427.0,19427.0
159,2018,29_205,6061,3047,3014,5965,5820,117,5,9,0,14,48,116,5738,5734,860,725,4149,5090,1253,2702,1135,825,4265,29,205,41.63333333333333,40.56666666666666,43.46666666666667,24317.666666666668,24317.666666666668
160,2018,29_207,29512,14365,15147,28703,28340,340,3,10,0,10,485,501,27869,28584,4576,3728,20280,25696,6495,13732,5469,6323,19373,29,207,41.6625,40.8125,42.8625,22611.0,22611.0
161,2018,29_209,31527,15409,16118,30839,30138,50,331,47,28,245,434,680,29704,30858,3883,4409,22566,28098,5018,13910,9170,6098,22000,29,209,53.63333333333333,53.550000000000004,53.98333333333333,23501.833333333332,23501.833333333332
162,2018,29_21,89076,44691,44385,84516,76620,5010,294,918,208,1466,3050,5643,73152,83515,14204,7644,61667,77359,20204,43944,13211,12687,64672,29,21,38.29600000000001,37.16,40.12800000000001,25731.0,25731.0
163,2018,29_211,6317,3052,3265,6170,5709,184,43,6,12,216,77,1118,4829,6076,1038,707,4331,5249,1319,2848,1082,741,4508,29,211,46.0,43.76666666666667,47.333333333333336,23979.0,23979.0
164,2018,29_213,54720,26504,28216,52898,49972,681,511,474,21,1239,1322,3123,48275,52533,9055,6808,36670,45062,10973,22983,11106,8548,36514,29,213,43.79,43.31,44.43,23298.2,23298.2
165,2018,29_215,25671,13397,12274,24963,23639,579,564,121,0,60,458,539,23165,23966,5755,3321,14890,20263,4869,10479,4915,5156,15107,29,215,43.025000000000006,41.875,44.725,20736.0,20736.0
166,2018,29_217,20691,10088,10603,19980,19498,184,127,138,0,33,425,434,19180,19669,2682,3139,13848,17416,4638,9269,3509,3218,14198,29,217,40.35,39.31666666666667,41.35,24075.666666666668,24075.666666666668
167,2018,29_219,33908,16714,17194,32807,31298,681,88,213,32,495,679,1118,30749,33223,4350,2890,25983,30762,8017,16960,5785,4935,25827,29,219,42.60000000000001,42.64,42.38000000000001,29606.0,29606.0
168,2018,29_221,24931,12835,12096,24207,23576,492,112,22,4,1,554,332,23355,23498,4706,3095,15697,20630,5784,11047,3799,5735,14895,29,221,41.4,40.55999999999999,41.96,19322.2,19322.2
169,2018,29_223,13308,6544,6764,12919,12748,74,51,45,0,1,269,230,12524,12954,3118,1931,7905,11244,2769,5515,2960,3595,7649,29,223,47.45,45.72500000000001,47.974999999999994,18420.0,18420.0
170,2018,29_225,38082,19436,18646,36880,35896,422,175,142,71,174,631,765,35395,36318,6105,5198,25015,31524,9118,16797,5609,4942,26582,29,225,37.75,36.3,39.325,24194.75,24194.75
171,2018,29_227,2040,981,1059,1974,1962,7,1,4,0,0,47,14,1952,1964,295,194,1475,1853,417,986,450,295,1558,29,227,47.9,47.6,48.1,25197.0,25197.0
172,2018,29_229,18293,9029,9264,17907,17459,105,68,88,0,187,216,324,17247,17757,4341,3213,10203,14694,3794,7474,3426,3119,11575,29,229,42.925,41.35,45.025000000000006,19050.0,19050.0
173,2018,29_23,42733,20823,21910,41293,38326,2402,221,271,2,71,977,844,37578,41325,8811,6032,26482,36756,10168,19141,7447,9555,27201,29,23,39.38,38.18000000000001,40.989999999999995,20236.7,20236.7
174,2018,29_25,9049,4585,4464,8783,8603,47,60,46,0,27,177,190,8484,8623,1285,1343,5995,8122,2200,4239,1683,1434,6688,29,25,43.15,42.150000000000006,44.9,26458.0,26458.0
175,2018,29_27,44840,22874,21966,43613,40693,1932,232,391,225,140,715,919,39931,40211,4628,2948,32635,38133,9361,22008,6764,5904,32229,29,27,38.65,37.987500000000004,40.575,27863.375,27863.375
176,2018,29_29,45096,22328,22768,44144,43106,339,267,145,0,287,595,1203,42221,44023,6981,3618,33424,38404,7926,18419,12059,7969,30435,29,29,52.17272727272727,51.67272727272727,52.98181818181819,24080.81818181818,24080.81818181818
177,2018,29_3,17403,8720,8683,17008,16471,333,29,50,103,22,204,395,16317,16895,1448,1676,13771,15980,4101,8851,3028,2186,13794,29,3,42.575,40.925,43.9,28974.5,28974.5
178,2018,29_31,78324,37932,40392,75233,67824,5788,153,1244,25,199,2035,1739,66669,74066,12622,6304,55140,70744,17391,41537,11816,9588,61156,29,31,36.481249999999996,34.68125,37.35625,23869.25,23869.25
179,2018,29_33,8843,4330,4513,8533,8312,164,21,19,0,17,129,138,8239,8535,1278,1098,6159,7801,1934,4097,1770,1374,6427,29,33,42.96666666666667,42.06666666666667,44.43333333333334,23305.666666666668,23305.666666666668
180,2018,29_35,6197,3010,3187,5945,5882,3,60,0,0,0,234,148,5833,6132,1057,815,4260,5096,1512,2424,1160,1422,3674,29,35,41.3,41.55,40.55,20881.5,20881.5
181,2018,29_37,102678,50364,52314,98781,92869,3713,630,825,37,707,2744,4315,89635,100089,9780,6108,84201,94369,25378,53116,15875,12800,81569,29,37,39.7,37.93,40.96999999999999,33239.15,33239.15
182,2018,29_39,13938,6961,6977,13410,13299,6,5,38,31,31,364,300,13056,13551,2458,1805,9288,11552,3118,5363,3071,2658,8894,29,39,44.76666666666667,42.76666666666667,47.56666666666666,20134.333333333332,20134.333333333332
183,2018,29_41,7546,3764,3782,7296,7106,183,7,0,0,0,140,38,7071,7193,855,795,5543,6790,1734,3427,1629,1234,5556,29,41,45.6,43.333333333333336,47.333333333333336,23943.0,23943.0
184,2018,29_43,84275,40995,43280,81128,79069,647,510,479,44,379,1788,2348,77543,82048,8346,8588,65114,76393,21453,42545,12395,10426,65967,29,43,38.135714285714286,36.57857142857142,38.82142857142857,28929.5,28929.5
185,2018,29_45,6800,3447,3353,6606,6539,23,24,20,0,0,118,13,6539,6592,869,754,4969,5685,1349,3048,1288,865,4820,29,45,44.300000000000004,43.23333333333333,45.4,26152.0,26152.0
186,2018,29_47,239164,117296,121868,227672,202942,14211,1301,5130,417,3671,9111,15856,193361,233594,18223,15577,199794,219949,59151,129257,31541,26763,193186,29,47,37.436363636363645,36.55909090909091,38.75454545454546,34829.34090909091,34829.34090909091
187,2018,29_49,20475,10266,10209,19972,19245,365,201,49,5,107,236,421,18968,19574,2093,1899,15582,18404,4922,10340,3142,2485,15919,29,49,41.349999999999994,40.875,41.5,29666.0,29666.0
188,2018,29_5,5270,2615,2655,5182,5100,20,26,21,0,15,38,63,5052,5121,513,459,4149,4741,1041,2454,1246,883,3858,29,5,48.099999999999994,47.7,48.65,27399.0,27399.0
189,2018,29_51,76740,38731,38009,74371,63622,8961,283,1062,11,432,1596,2105,61878,71119,7671,5841,57607,66538,17608,37699,11231,7730,58808,29,51,38.833333333333336,38.25333333333333,40.07333333333333,32370.666666666668,32370.666666666668
190,2018,29_510,311273,150532,160741,300542,142372,144255,720,9935,173,3087,6837,12063,133273,298721,71797,34328,192596,270728,61338,171861,37529,43382,227346,29,510,36.726415094339615,35.26792452830188,37.602830188679256,25693.877358490565,25693.877358490565
191,2018,29_53,17622,9214,8408,16848,15502,1123,50,47,13,113,563,320,15331,15797,1858,1675,12264,14556,3802,7994,2760,2374,12182,29,53,39.2,36.779999999999994,41.36,26824.0,26824.0
192,2018,29_55,24280,11969,12311,23366,23109,70,0,34,0,153,546,464,22778,23519,4568,3473,15478,19843,5098,10416,4329,4825,15018,29,55,42.86666666666667,42.2,42.96666666666667,21421.333333333332,21421.333333333332
193,2018,29_57,7590,3884,3706,7322,7178,21,67,11,5,40,207,156,7069,7339,1636,920,4783,6486,1547,3317,1622,1278,5208,29,57,46.35,43.45,49.25,20371.0,20371.0
194,2018,29_59,16499,8212,8287,16029,15745,8,176,67,0,33,307,334,15475,16088,2445,2303,11340,13129,3085,6945,3099,3169,9960,29,59,42.93333333333334,40.86666666666667,44.333333333333336,20275.666666666668,20275.666666666668
195,2018,29_61,8302,4187,4115,8140,7985,85,27,12,6,25,79,125,7893,7985,1027,1083,5875,6849,1829,3409,1611,1108,5741,29,61,40.7,39.3,41.3,25997.0,25997.0
196,2018,29_63,12564,7947,4617,12093,10704,1228,92,26,21,22,375,300,10467,9006,1221,1061,6724,8433,2076,4576,1781,1464,6969,29,63,41.849999999999994,40.3,45.2,26841.0,26841.0
197,2018,29_65,15504,7692,7812,14993,14672,100,101,72,0,48,362,258,14510,15109,3157,1866,10086,12821,3285,6422,3114,3176,9645,29,65,44.300000000000004,41.925,45.275000000000006,21209.75,21209.75
198,2018,29_67,13374,6700,6674,13216,13083,14,23,9,0,87,31,203,12962,13051,2773,2354,7924,11280,2828,5448,3004,2574,8706,29,67,46.666666666666664,45.36666666666667,48.53333333333334,17386.666666666668,17386.666666666668
199,2018,29_69,30428,14623,15805,29380,25292,2928,121,131,4,904,630,1948,24268,29161,7837,4313,17011,25278,7838,12347,5093,6141,19137,29,69,39.559999999999995,37.77,41.67,19966.2,19966.2
200,2018,29_7,25735,11768,13967,24582,22762,1519,103,46,23,129,928,767,22186,23282,3575,2629,17078,21476,5912,11376,4188,3620,17856,29,7,38.98571428571428,37.02857142857142,40.92857142857143,23283.0,23283.0
201,2018,29_71,102781,51339,51442,99564,97537,698,204,562,26,537,1924,1743,96551,100186,10757,7909,81520,93575,23724,53273,16578,12949,80626,29,71,40.95294117647058,40.2235294117647,42.029411764705884,28767.764705882353,28767.764705882353
202,2018,29_73,14746,7373,7373,14355,14167,62,48,55,0,23,186,200,13977,14253,1402,1318,11533,13527,3196,7324,3007,2470,11057,29,73,45.839999999999996,43.519999999999996,47.74,26451.4,26451.4
203,2018,29_75,6665,3218,3447,6509,6387,46,21,39,4,12,43,99,6300,6377,1129,656,4592,5800,1584,3036,1180,972,4828,29,75,40.900000000000006,40.150000000000006,41.7,23691.0,23691.0
204,2018,29_77,288429,140366,148063,276843,257528,9274,1415,5541,208,2877,8384,10121,250910,273354,48832,29259,195263,254918,60107,150956,43855,38816,216102,29,77,36.53709677419355,34.8516129032258,38.514516129032266,25459.209677419356,25459.209677419356
205,2018,29_79,10039,4906,5133,9793,9522,52,130,36,19,34,129,232,9360,9616,1558,892,7166,8271,1997,4313,1961,1445,6826,29,79,41.775,40.1,44.6,24849.5,24849.5
206,2018,29_81,8554,4263,4291,8364,8182,75,14,8,0,85,134,185,8106,8271,1535,1242,5494,7191,1785,3680,1726,1403,5788,29,81,43.199999999999996,41.4,45.46666666666667,23612.333333333332,23612.333333333332
207,2018,29_83,21765,10643,11122,21028,20492,287,120,74,0,55,472,511,20124,21156,4489,2030,14637,19074,4578,10095,4401,4195,14879,29,83,44.15,43.53333333333333,44.76666666666667,24230.0,24230.0
208,2018,29_85,9368,4551,4817,9188,8971,9,155,8,4,41,136,151,8861,9208,1605,1265,6338,7718,1218,3467,3033,2097,5621,29,85,53.36666666666667,52.599999999999994,54.53333333333333,19793.333333333332,19793.333333333332
209,2018,29_87,4456,2197,2259,4338,4236,30,37,34,1,0,41,26,4213,4260,550,513,3197,3961,900,2077,984,711,3250,29,87,48.333333333333336,47.166666666666664,49.9,25960.333333333332,25960.333333333332
210,2018,29_89,10113,5042,5071,9846,9206,531,48,18,0,43,190,153,9099,9346,1377,1211,6758,9124,2241,5152,1731,1595,7529,29,89,39.13333333333333,38.96666666666667,38.86666666666667,25031.666666666668,25031.666666666668
211,2018,29_9,35493,17823,17670,34000,32768,57,286,401,0,488,1023,3175,30197,34513,7116,4027,23370,29727,7449,15433,6845,5616,24111,29,9,43.84285714285714,41.95714285714286,45.11428571428571,22233.714285714286,22233.714285714286
212,2018,29_91,40102,19640,20462,38684,38088,188,216,178,0,14,872,799,37355,38821,8561,5585,24675,34633,9082,18222,7329,7829,26804,29,91,41.087500000000006,39.8,42.400000000000006,21086.5,21086.5
213,2018,29_93,10221,5029,5192,9923,9698,124,74,19,8,0,202,164,9574,9766,2031,1032,6703,8612,2091,4575,1946,2299,6313,29,93,45.050000000000004,43.525000000000006,47.375,19915.5,19915.5
214,2018,29_95,692003,334604,357399,662011,456162,161176,2587,12737,1922,27427,20738,59599,427050,671728,100907,62257,508564,605903,159560,351524,94819,84106,521797,29,95,37.21989795918368,36.09846153846154,38.49589743589743,30901.20408163265,30901.20408163265
215,2018,29_97,119238,58223,61015,114046,106604,2379,1902,1303,136,1722,3805,9053,99689,115280,19912,12619,82749,102923,29243,56512,17168,15448,87475,29,97,36.68636363636363,35.56363636363637,37.92727272727273,25276.545454545456,25276.545454545456
216,2018,29_99,223302,110887,112415,216968,212132,1976,652,1646,43,519,3833,4208,208774,218093,22124,15320,180649,203074,53441,119288,30345,27404,175670,29,99,39.588095238095235,38.621428571428574,40.39761904761905,31056.261904761905,31056.261904761905
